CUS-1,Budi Santoso,08111111111
CUS-2,Lepi,08222222222
CUS-1,Budi Santoso,08111111111
CUS-2,Lepi,08222222222
CUS-1,Budi Santoso,08111111111
CUS-2,Lepi,08222222222
CUS-1,Budi Santoso,08111111111
CUS-2,Lepi,08222222222
CUS-1,Budi Santoso,08111111111
CUS-2,Lepi,08222222222
CUS-1,Budi Santoso,08111111111
CUS-2,Lepi,08222222222
CUS-1,Budi Santoso,08111111111
CUS-2,Lepi,08222222222
CUS-1,Budi Santoso,08111111111
CUS-2,Lepi,08222222222
CUS-1,Budi Santoso,08111111111
CUS-2,Lepi,08222222222
CUS-1,Budi Santoso,08111111111
CUS-2,Lepi,08222222222
CUS-1,Budi Santoso,08111111111
CUS-2,Lepi,08222222222
CUS-1,Budi Santoso,08111111111
CUS-2,Lepi,08222222222
CUS-1,Budi Santoso,08111111111
CUS-2,Lepi,08222222222
CUS-1,Budi Santoso,08111111111
CUS-2,Lepi,08222222222
CUS-1,Budi Santoso,08111111111
CUS-2,Lepi,08222222222
CUS-1,Budi Santoso,08111111111
CUS-2,Lepi,08222222222
CUS-1,Budi Santoso,08111111111
CUS-2,Lepi,08222222222
CUS-1,Budi Santoso,08111111111
CUS-2,Lepi,08222222222
CUS-1,Budi Santoso,08111111111
CUS-2,Lepi,08222222222
CUS-1,Budi Santoso,08111111111
CUS-2,Lepi,08222222222
CUS-1,Budi Santoso,08111111111
CUS-2,Lepi,08222222222
CUS-1,Budi Santoso,08111111111
CUS-2,Lepi,08222222222
CUS-1,Budi Santoso,08111111111
CUS-2,Lepi,08222222222
CUS-1,Budi Santoso,08111111111
CUS-2,Lepi,08222222222
CUS-1,Budi Santoso,08111111111
CUS-2,Lepi,08222222222
CUS-1,Budi Santoso,08111111111
CUS-2,Lepi,08222222222
