TRX-0001,CUS-2,Lepi,08222222222,KND-1000,Honda Avanza,B1234,350000,26-05-2026,29-05-2026,3,1050000,AKTIF
TRX-0001,CUS-2,Lepi,08222222222,KND-1003,Mercedes-Benz OH 1626,B7001,1500000,26-05-2026,29-05-2026,3,4500000,AKTIF
TRX-0001,CUS-1,Budi Santoso,08111111111,KND-1000,Honda Avanza,B1234,350000,26-05-2026,02-06-2026,7,2450000,AKTIF
TRX-0001,CUS-1,Budi Santoso,08111111111,KND-1000,Honda Avanza,B1234,350000,26-05-2026,28-05-2026,2,700000,AKTIF
TRX-0001,CUS-2,Lepi,08222222222,KND-1002,Vespa,H1234,80000,26-05-2026,29-05-2026,3,240000,AKTIF
TRX-0001,CUS-2,Lepi,08222222222,KND-1002,Vespa,H1234,80000,26-05-2026,01-08-2026,67,5360000,AKTIF
TRX-0001,CUS-2,Lepi,08222222222,KND-1002,Vespa,H1234,80000,26-05-2026,01-08-2026,67,5360000,AKTIF
TRX-0001,CUS-2,Lepi,08222222222,KND-1002,Vespa,H1234,80000,26-05-2026,01-08-2026,67,5360000,AKTIF
TRX-0002,CUS-1,Budi Santoso,08111111111,KND-1003,Mercedes-Benz OH 1626,B7001,1500000,26-05-2026,31-05-2026,5,7500000,AKTIF
TRX-0001,CUS-2,Lepi,08222222222,KND-1002,Vespa,H1234,80000,26-05-2026,01-08-2026,67,5360000,AKTIF
TRX-0001,CUS-2,Lepi,08222222222,KND-1004,Honda Civic,B9999,500000,26-05-2026,04-06-2026,9,4500000,AKTIF
TRX-0001,CUS-2,Lepi,08222222222,KND-1004,Honda Civic,B9999,500000,26-05-2026,03-06-2026,8,4000000,AKTIF
TRX-0001,CUS-2,Lepi,08222222222,KND-1004,Honda Civic,B9999,500000,26-05-2026,02-06-2026,7,3500000,AKTIF
